Attr1,Attr2
0.72562,0.58284